component,category,block_size,status,peak_python_tracked_MB_mean,peak_rss_sampled_MB_mean,rss_delta_MB_mean
epsilon_bias_raw_mean_calc,trust_monitoring_live,10000,ok,,,0.0
autocorrelation_test,trust_monitoring_live,10000,ok,,,0.0
dimension_witness,trust_monitoring_live,10000,ok,,,0.0
drift_cusum_steady_state,trust_monitoring_live,10000,ok,,,0.0
trust_score,trust_monitoring_live,10000,ok,,,0.0
run_self_tests_full,trust_monitoring_live,10000,ok,,,0.0
santha_vazirani_test,trust_monitoring_live,10000,ok,,,0.0
runs_test,trust_monitoring_live,10000,ok,,,0.0
frequency_test,trust_monitoring_defined_not_called,10000,ok,,,0.0
epsilon_bias_raw_mean_calc,trust_monitoring_live,100000,ok,,,0.0
autocorrelation_test,trust_monitoring_live,100000,ok,,,0.3055
dimension_witness,trust_monitoring_live,100000,ok,,,0.0
drift_cusum_steady_state,trust_monitoring_live,100000,ok,,,0.0
trust_score,trust_monitoring_live,100000,ok,,,0.0
run_self_tests_full,trust_monitoring_live,100000,ok,,,0.0
santha_vazirani_test,trust_monitoring_live,100000,ok,,,-0.4219
runs_test,trust_monitoring_live,100000,ok,,,0.0
frequency_test,trust_monitoring_defined_not_called,100000,ok,,,0.0
epsilon_bias_raw_mean_calc,trust_monitoring_live,1000000,ok,,,0.0
autocorrelation_test,trust_monitoring_live,1000000,ok,,,0.0
dimension_witness,trust_monitoring_live,1000000,ok,,,0.4779
drift_cusum_steady_state,trust_monitoring_live,1000000,ok,,,0.0
trust_score,trust_monitoring_live,1000000,ok,,,0.0
run_self_tests_full,trust_monitoring_live,1000000,ok,,,0.0
santha_vazirani_test,trust_monitoring_live,1000000,ok,,,0.0
runs_test,trust_monitoring_live,1000000,ok,,,0.0
frequency_test,trust_monitoring_defined_not_called,1000000,ok,,,0.0
certify_min_entropy,certification,10000,ok,,,0.0
lhl_output_length,certification,10000,ok,,,0.0
certify_min_entropy,certification,100000,ok,,,0.0
lhl_output_length,certification,100000,ok,,,0.0
certify_min_entropy,certification,1000000,ok,,,0.0
lhl_output_length,certification,1000000,ok,,,0.0
accumulate_eat,certification,,ok,,,0.0
accumulate_eat,certification,,ok,,,0.0
accumulate_eat,certification,,ok,,,0.0
accumulate_eat,certification,,ok,,,0.0
accumulate_eat,certification,,ok,,,0.0
toeplitz_extract_fft,extraction_fft,10000,ok,,,0.0125
toeplitz_extract_fft,extraction_fft,100000,ok,,,0.0
toeplitz_extract_fft,extraction_fft,1000000,ok,,,0.0
toeplitz_extract_fft,extraction_fft,1620000,ok,,,0.0078
toeplitz_extract_fft,extraction_fft,5000000,ok,,,0.0
toeplitz_extract_fft,extraction_fft,10000000,ok,,,0.0
dense_toeplitz_extraction,extraction_dense,,not_present_in_codebase,,,
toeplitz_decomp_seed_expansion,extraction_decomposition,10000,ok,,,0.0
toeplitz_decomp_fft_only,extraction_decomposition,10000,ok,,,0.0
toeplitz_decomp_full,extraction_decomposition,10000,ok,,,0.0
toeplitz_decomp_seed_expansion,extraction_decomposition,100000,ok,,,0.0008
toeplitz_decomp_fft_only,extraction_decomposition,100000,ok,,,0.0
toeplitz_decomp_full,extraction_decomposition,100000,ok,,,0.0
toeplitz_decomp_seed_expansion,extraction_decomposition,1000000,ok,,,0.0
toeplitz_decomp_fft_only,extraction_decomposition,1000000,ok,,,0.0
toeplitz_decomp_full,extraction_decomposition,1000000,ok,,,0.0
toeplitz_decomp_seed_expansion,extraction_decomposition,1620000,ok,,,0.0117
toeplitz_decomp_fft_only,extraction_decomposition,1620000,ok,,,0.0
toeplitz_decomp_full,extraction_decomposition,1620000,ok,,,-0.0195
toeplitz_decomp_seed_expansion,extraction_decomposition,5000000,ok,,,0.1602
toeplitz_decomp_fft_only,extraction_decomposition,5000000,ok,,,0.0
toeplitz_decomp_full,extraction_decomposition,5000000,ok,,,-0.013
process_block_total_cold,end_to_end_cold,10000,ok,,,0.0008
process_block_total_steady,end_to_end_steady,10000,ok,,,0.0
_certify_block,end_to_end_breakdown,10000,ok,,,0.0
_run_diagnostics,end_to_end_breakdown,10000,ok,,,0.0
_extract_block,end_to_end_breakdown,10000,ok,,,0.0
_assemble_metadata,end_to_end_breakdown,10000,ok,,,0.0
process_block_total_cold,end_to_end_cold,100000,ok,,,1.3656
process_block_total_steady,end_to_end_steady,100000,ok,,,0.632
_certify_block,end_to_end_breakdown,100000,ok,,,0.0
_run_diagnostics,end_to_end_breakdown,100000,ok,,,0.0
_extract_block,end_to_end_breakdown,100000,ok,,,1.0789
_assemble_metadata,end_to_end_breakdown,100000,ok,,,0.0
process_block_total_cold,end_to_end_cold,1000000,ok,,,0.7721
process_block_total_steady,end_to_end_steady,1000000,ok,,,1.4349
_certify_block,end_to_end_breakdown,1000000,ok,,,0.0
_run_diagnostics,end_to_end_breakdown,1000000,ok,,,0.0
_extract_block,end_to_end_breakdown,1000000,ok,,,0.8607
_assemble_metadata,end_to_end_breakdown,1000000,ok,,,0.0
process_block_total_cold,end_to_end_cold,3240000,ok,,,0.9746
process_block_total_steady,end_to_end_steady,3240000,ok,,,1.0625
_certify_block,end_to_end_breakdown,3240000,ok,,,0.0
_run_diagnostics,end_to_end_breakdown,3240000,ok,,,0.0
_extract_block,end_to_end_breakdown,3240000,ok,,,0.9316
_assemble_metadata,end_to_end_breakdown,3240000,ok,,,0.0
process_block_total_cold,end_to_end_cold,3500000,ok,,,1.1172
process_block_total_steady,end_to_end_steady,3500000,ok,,,0.9883
_certify_block,end_to_end_breakdown,3500000,ok,,,0.0
_run_diagnostics,end_to_end_breakdown,3500000,ok,,,-0.832
_extract_block,end_to_end_breakdown,3500000,ok,,,1.4062
_assemble_metadata,end_to_end_breakdown,3500000,ok,,,0.0
process_block_total_cold,end_to_end_cold,10000000,ok,,,0.0
process_block_total_steady,end_to_end_steady,10000000,ok,,,0.0
_certify_block,end_to_end_breakdown,10000000,ok,,,0.0
_run_diagnostics,end_to_end_breakdown,10000000,ok,,,0.0
_extract_block,end_to_end_breakdown,10000000,ok,,,0.0
_assemble_metadata,end_to_end_breakdown,10000000,ok,,,0.0
generate_certified_random_bits,full_generation,100000,ok,,,0.3086
generate_certified_random_bits,full_generation,1000000,ok,,,1.5156
