component,category,block_size,extra_param,status,successful_runs,failed_runs,latency_ms_mean,latency_ms_median,latency_ms_std,latency_ms_min,latency_ms_max,latency_ms_p95,latency_ms_p99,cpu_time_ms_mean,cpu_time_ms_std,cpu_percent_mean,notes
epsilon_bias_raw_mean_calc,trust_monitoring_live,10000,{},ok,5,0,0.0881,0.0838,0.0092,0.0773,0.0999,0.0996,,0.0,0.0,0.0,Inline np.mean()-based bias calc in run_self_tests(); not a StatisticalSelfTester method.
autocorrelation_test,trust_monitoring_live,10000,{},ok,5,0,0.7349,0.7195,0.0419,0.703,0.8171,0.7988,,0.0,0.0,0.0,Feeds epsilon_corr. The ONLY StatisticalSelfTester method actually called by run_self_tests().
dimension_witness,trust_monitoring_live,10000,{},ok,5,0,0.1945,0.1947,0.0023,0.1916,0.1976,0.1973,,0.0,0.0,0.0,Feeds epsilon_leak.
drift_cusum_steady_state,trust_monitoring_live,10000,{},ok,5,0,0.0749,0.0745,0.0035,0.0704,0.0813,0.08,,0.0,0.0,0.0,"PhysicalDriftMonitor.update_efficiency+detect_drift, measured post-warmup (steady-state CUSUM cost). Feeds epsilon_drift."
trust_score,trust_monitoring_live,10000,{},ok,5,0,0.0113,0.011,0.0017,0.0089,0.0141,0.0137,,0.0,0.0,0.0,"TrustVector.trust_score(); O(1), included per spec."
run_self_tests_full,trust_monitoring_live,10000,{},ok,5,0,2.1903,2.1836,0.0146,2.1725,2.2142,2.2112,,0.0,0.0,0.0,"Whole live trust-vector-construction call, one shot."
santha_vazirani_test,trust_monitoring_live,10000,{},ok,5,0,1.1352,1.1415,0.0119,1.1179,1.1484,1.1475,,0.0,0.0,0.0,Called by run_self_tests(); feeds epsilon_corr (max-fused with the autocorrelation and runs-test signals).
runs_test,trust_monitoring_live,10000,{},ok,5,0,0.1013,0.1009,0.003,0.0977,0.1066,0.1057,,0.0,0.0,0.0,Called by run_self_tests(); feeds epsilon_corr (max-fused with the autocorrelation and Santha-Vazirani signals).
frequency_test,trust_monitoring_defined_not_called,10000,{},ok,5,0,0.2089,0.2073,0.0061,0.2032,0.2207,0.2181,,0.0,0.0,0.0,Defined in StatisticalSelfTester but not called by run_self_tests(); epsilon_bias uses an inline mean calculation. Not part of live cost.
epsilon_bias_raw_mean_calc,trust_monitoring_live,100000,{},ok,5,0,0.1414,0.1373,0.0078,0.1359,0.1568,0.1534,,3.125,6.25,1645.6,Inline np.mean()-based bias calc in run_self_tests(); not a StatisticalSelfTester method.
autocorrelation_test,trust_monitoring_live,100000,{},ok,5,0,17.8189,17.6025,4.7811,11.6749,26.05,24.5908,,21.875,7.6547,122.8,Feeds epsilon_corr. The ONLY StatisticalSelfTester method actually called by run_self_tests().
dimension_witness,trust_monitoring_live,100000,{},ok,5,0,1.137,1.1321,0.0161,1.12,1.1615,1.1591,,0.0,0.0,0.0,Feeds epsilon_leak.
drift_cusum_steady_state,trust_monitoring_live,100000,{},ok,5,0,0.1446,0.1405,0.0105,0.1366,0.1649,0.1607,,0.0,0.0,0.0,"PhysicalDriftMonitor.update_efficiency+detect_drift, measured post-warmup (steady-state CUSUM cost). Feeds epsilon_drift."
trust_score,trust_monitoring_live,100000,{},ok,5,0,0.0103,0.01,0.0009,0.0096,0.0121,0.0117,,0.0,0.0,0.0,"TrustVector.trust_score(); O(1), included per spec."
run_self_tests_full,trust_monitoring_live,100000,{},ok,5,0,28.3318,28.1787,0.2931,27.9744,28.7843,28.7375,,28.125,6.25,98.9,"Whole live trust-vector-construction call, one shot."
santha_vazirani_test,trust_monitoring_live,100000,{},ok,5,0,12.1244,12.1024,0.0783,12.0313,12.259,12.2382,,9.375,7.6547,76.8,Called by run_self_tests(); feeds epsilon_corr (max-fused with the autocorrelation and runs-test signals).
runs_test,trust_monitoring_live,100000,{},ok,5,0,0.2173,0.2132,0.0083,0.2123,0.2339,0.23,,0.0,0.0,0.0,Called by run_self_tests(); feeds epsilon_corr (max-fused with the autocorrelation and Santha-Vazirani signals).
frequency_test,trust_monitoring_defined_not_called,100000,{},ok,5,0,0.2749,0.2707,0.0098,0.2676,0.2942,0.2899,,0.0,0.0,0.0,Defined in StatisticalSelfTester but not called by run_self_tests(); epsilon_bias uses an inline mean calculation. Not part of live cost.
epsilon_bias_raw_mean_calc,trust_monitoring_live,1000000,{},ok,3,0,0.7755,0.7737,0.0092,0.7653,0.7875,,,0.0,0.0,0.0,Inline np.mean()-based bias calc in run_self_tests(); not a StatisticalSelfTester method.
autocorrelation_test,trust_monitoring_live,1000000,{},ok,3,0,178.0964,179.0203,2.2395,175.0109,180.258,,,177.0833,7.3657,99.3,Feeds epsilon_corr. The ONLY StatisticalSelfTester method actually called by run_self_tests().
dimension_witness,trust_monitoring_live,1000000,{},ok,3,0,10.6206,10.6325,0.0993,10.4935,10.7359,,,10.4167,7.3657,98.0,Feeds epsilon_leak.
drift_cusum_steady_state,trust_monitoring_live,1000000,{},ok,3,0,0.7735,0.7724,0.0051,0.7679,0.7803,,,0.0,0.0,0.0,"PhysicalDriftMonitor.update_efficiency+detect_drift, measured post-warmup (steady-state CUSUM cost). Feeds epsilon_drift."
trust_score,trust_monitoring_live,1000000,{},ok,3,0,0.0105,0.0105,0.0005,0.0098,0.0111,,,0.0,0.0,0.0,"TrustVector.trust_score(); O(1), included per spec."
run_self_tests_full,trust_monitoring_live,1000000,{},ok,3,0,379.1369,379.3407,0.44,378.5258,379.5442,,,369.7917,7.3657,97.5,"Whole live trust-vector-construction call, one shot."
santha_vazirani_test,trust_monitoring_live,1000000,{},ok,3,0,153.604,153.147,0.8577,152.8595,154.8056,,,145.8333,7.3657,94.9,Called by run_self_tests(); feeds epsilon_corr (max-fused with the autocorrelation and runs-test signals).
runs_test,trust_monitoring_live,1000000,{},ok,3,0,1.3748,1.3756,0.0033,1.3704,1.3784,,,0.0,0.0,0.0,Called by run_self_tests(); feeds epsilon_corr (max-fused with the autocorrelation and Santha-Vazirani signals).
frequency_test,trust_monitoring_defined_not_called,1000000,{},ok,3,0,0.9241,0.9272,0.0071,0.9143,0.9307,,,0.0,0.0,0.0,Defined in StatisticalSelfTester but not called by run_self_tests(); epsilon_bias uses an inline mean calculation. Not part of live cost.
certify_min_entropy,certification,10000,{},ok,5,0,0.2312,0.2272,0.0063,0.2263,0.2429,0.2408,,0.0,0.0,0.0,"Hoeffding-corrected min-entropy certification. Hoeffding bound and min-entropy are computed inside ONE function in this codebase — not separable into two independently timed steps without modifying D_v16.py, which this benchmark does not do."
lhl_output_length,certification,10000,"{""n_gen"": 5000, ""h_min_certified"": 0.9}",ok,5,0,0.0134,0.013,0.0011,0.0123,0.0152,0.015,,0.0,0.0,0.0,Final certified output-length calculation. O(1).
certify_min_entropy,certification,100000,{},ok,5,0,1.1739,1.1811,0.0117,1.1589,1.1873,1.1861,,3.125,6.25,254.6,"Hoeffding-corrected min-entropy certification. Hoeffding bound and min-entropy are computed inside ONE function in this codebase — not separable into two independently timed steps without modifying D_v16.py, which this benchmark does not do."
lhl_output_length,certification,100000,"{""n_gen"": 50000, ""h_min_certified"": 0.9}",ok,5,0,0.0128,0.0127,0.0004,0.0121,0.0134,0.0133,,0.0,0.0,0.0,Final certified output-length calculation. O(1).
certify_min_entropy,certification,1000000,{},ok,3,0,12.5426,12.5474,0.0099,12.5288,12.5517,,,10.4167,7.3657,82.4,"Hoeffding-corrected min-entropy certification. Hoeffding bound and min-entropy are computed inside ONE function in this codebase — not separable into two independently timed steps without modifying D_v16.py, which this benchmark does not do."
lhl_output_length,certification,1000000,"{""n_gen"": 500000, ""h_min_certified"": 0.9}",ok,3,0,0.0133,0.0132,0.0009,0.0122,0.0144,,,0.0,0.0,0.0,Final certified output-length calculation. O(1).
accumulate_eat,certification,,"{""t_blocks"": 1}",ok,5,0,0.0323,0.0306,0.0028,0.0303,0.0377,0.0366,,0.0,0.0,0.0,"Cost scales with t (number of accumulated blocks), not with block_size."
accumulate_eat,certification,,"{""t_blocks"": 10}",ok,5,0,0.0373,0.0333,0.0074,0.0314,0.0513,0.0486,,0.0,0.0,0.0,"Cost scales with t (number of accumulated blocks), not with block_size."
accumulate_eat,certification,,"{""t_blocks"": 50}",ok,5,0,0.0312,0.0314,0.0009,0.0296,0.0323,0.0322,,0.0,0.0,0.0,"Cost scales with t (number of accumulated blocks), not with block_size."
accumulate_eat,certification,,"{""t_blocks"": 100}",ok,5,0,0.0332,0.0325,0.0013,0.0323,0.0358,0.0353,,0.0,0.0,0.0,"Cost scales with t (number of accumulated blocks), not with block_size."
accumulate_eat,certification,,"{""t_blocks"": 500}",ok,3,0,0.0424,0.0424,0.0008,0.0415,0.0434,,,0.0,0.0,0.0,"Cost scales with t (number of accumulated blocks), not with block_size."
toeplitz_extract_fft,extraction_fft,10000,"{""n_gen"": 10000, ""output_length"": 5000}",ok,5,0,2.0621,2.0634,0.0199,2.0336,2.084,2.0838,,3.125,6.25,149.0,
toeplitz_extract_fft,extraction_fft,100000,"{""n_gen"": 100000, ""output_length"": 50000}",ok,5,0,33.1873,33.108,0.2483,32.8907,33.6145,33.5485,,31.25,0.0,93.9,
toeplitz_extract_fft,extraction_fft,1000000,"{""n_gen"": 1000000, ""output_length"": 500000}",ok,3,0,409.4632,410.077,0.9182,408.1654,410.1473,,,406.25,0.0,99.2,
toeplitz_extract_fft,extraction_fft,1620000,"{""n_gen"": 1620000, ""output_length"": 1600000}",ok,2,0,856.5532,856.5532,2.5331,854.0201,859.0863,,,851.5625,7.8125,99.4,
toeplitz_extract_fft,extraction_fft,5000000,"{""n_gen"": 5000000, ""output_length"": 2000000}",ok,2,0,1791.2699,1791.2699,3.7928,1787.4771,1795.0627,,,1773.4375,7.8125,99.0,
toeplitz_extract_fft,extraction_fft,10000000,"{""n_gen"": 10000000, ""output_length"": 4000000}",skipped,0,0,,,,,,,,,,,
dense_toeplitz_extraction,extraction_dense,,{},not_present_in_codebase,0,0,,,,,,,,,,,"RandomnessExtractor implements only the FFT-circulant path (toeplitz_extract -> _toeplitz_fft_chunk, auto-chunked above _MAX_CIRC_SIZE=2**23). No dense O(n*m) matrix-multiply Toeplitz implementation exists in D_v16.py. Not benchmarked, not extrapolated (spec sections 3 and 10). Theoretical complexity for reference only: dense O(n*m) vs. FFT-circulant ~O(n log n); this is a textbook complexity statement, not a measured or implied speedup number."
toeplitz_decomp_seed_expansion,extraction_decomposition,10000,"{""n_gen"": 10000, ""output_length"": 5000}",ok,5,0,1.6036,1.6054,0.0159,1.5763,1.6255,1.6222,,0.0,0.0,0.0,SHA-256 seed expansion to n+m-1 bits (_extend_seed).
toeplitz_decomp_fft_only,extraction_decomposition,10000,"{""n_gen"": 10000, ""output_length"": 5000}",ok,5,0,0.5259,0.524,0.0046,0.521,0.5331,0.5324,,0.0,0.0,0.0,"Pure FFT circulant convolution (_toeplitz_fft_chunk), seed pre-expanded."
toeplitz_decomp_full,extraction_decomposition,10000,"{""n_gen"": 10000, ""output_length"": 5000}",ok,5,0,2.1052,2.1157,0.047,2.048,2.1671,2.1618,,3.125,6.25,140.0,"Full toeplitz_extract() with a 2m-bit seed, as the pipeline calls it."
toeplitz_decomp_seed_expansion,extraction_decomposition,100000,"{""n_gen"": 100000, ""output_length"": 50000}",ok,5,0,21.9412,21.9758,0.1242,21.762,22.1284,22.0992,,21.875,7.6547,99.1,SHA-256 seed expansion to n+m-1 bits (_extend_seed).
toeplitz_decomp_fft_only,extraction_decomposition,100000,"{""n_gen"": 100000, ""output_length"": 50000}",ok,5,0,15.2887,15.0294,0.6038,14.8334,16.4837,16.2063,,15.625,0.0,101.8,"Pure FFT circulant convolution (_toeplitz_fft_chunk), seed pre-expanded."
toeplitz_decomp_full,extraction_decomposition,100000,"{""n_gen"": 100000, ""output_length"": 50000}",ok,5,0,37.1735,37.3707,0.3257,36.6284,37.5093,37.4838,,43.75,6.25,117.3,"Full toeplitz_extract() with a 2m-bit seed, as the pipeline calls it."
toeplitz_decomp_seed_expansion,extraction_decomposition,1000000,"{""n_gen"": 1000000, ""output_length"": 500000}",ok,3,0,583.8975,583.7657,0.7929,582.999,584.9278,,,578.125,0.0,99.0,SHA-256 seed expansion to n+m-1 bits (_extend_seed).
toeplitz_decomp_fft_only,extraction_decomposition,1000000,"{""n_gen"": 1000000, ""output_length"": 500000}",ok,3,0,210.8792,211.0967,0.6433,210.0054,211.5354,,,203.125,0.0,96.3,"Pure FFT circulant convolution (_toeplitz_fft_chunk), seed pre-expanded."
toeplitz_decomp_full,extraction_decomposition,1000000,"{""n_gen"": 1000000, ""output_length"": 500000}",ok,3,0,798.9815,798.6438,0.6705,798.3831,799.9177,,,791.6667,7.3657,99.1,"Full toeplitz_extract() with a 2m-bit seed, as the pipeline calls it."
toeplitz_decomp_seed_expansion,extraction_decomposition,1620000,"{""n_gen"": 1620000, ""output_length"": 1600000}",ok,3,0,3084.6835,3084.8486,1.7266,3082.4912,3086.7107,,,3072.9167,19.4878,99.8,SHA-256 seed expansion to n+m-1 bits (_extend_seed).
toeplitz_decomp_fft_only,extraction_decomposition,1620000,"{""n_gen"": 1620000, ""output_length"": 1600000}",ok,3,0,429.6066,428.2319,2.5652,427.3866,433.2013,,,421.875,12.7578,98.2,"Pure FFT circulant convolution (_toeplitz_fft_chunk), seed pre-expanded."
toeplitz_decomp_full,extraction_decomposition,1620000,"{""n_gen"": 1620000, ""output_length"": 1600000}",ok,3,0,3509.3735,3508.0106,4.3909,3504.8083,3515.3015,,,3494.7917,7.3657,99.6,"Full toeplitz_extract() with a 2m-bit seed, as the pipeline calls it."
toeplitz_decomp_full,extraction_decomposition,5000000,"{""n_gen"": 5000000, ""output_length"": 2000000}",skipped,0,0,,,,,,,,,,,
process_block_total_cold,end_to_end_cold,10000,{},ok,5,0,3.8967,3.8864,0.0237,3.8678,3.9371,3.931,,3.125,6.25,78.9,"Fresh TrustEnhancedQRNG instance, fresh QuantumSourceSimulator, AND fresh block per repetition: measures fully independent single-block computational cost."
process_block_total_steady,end_to_end_steady,10000,{},ok,5,0,3.975,3.9351,0.0575,3.9305,4.0777,4.062,,6.25,7.6547,153.7,ONE TrustEnhancedQRNG instance reused across all calls: measures operational steady-state cost (PhysicalDriftMonitor CUSUM state genuinely persists across calls by design).
_certify_block,end_to_end_breakdown,10000,{},ok,5,0,0.3375,0.3366,0.0059,0.3318,0.3486,0.3463,,0.0,0.0,0.0,"Certification-plane step: BB84 split + Hoeffding/min-entropy certification + EAT history append, all inside one method in D_v16.py. "
_run_diagnostics,end_to_end_breakdown,10000,{},ok,5,0,2.1919,2.1889,0.0152,2.1707,2.2147,2.2121,,3.125,6.25,139.2,The ONLY purely trust-monitoring step in the live block pipeline (calls run_self_tests() then applies halt/warn thresholds). _certify_block()'s output is precomputed UNTIMED before this step is timed.
_extract_block,end_to_end_breakdown,10000,{},ok,5,0,1.5447,1.5354,0.0261,1.5197,1.5943,1.5844,,3.125,6.25,196.5,PURE extraction step: LHL output-length calc + FFT Toeplitz extraction. _certify_block()'s output is precomputed UNTIMED before this step is timed.
_assemble_metadata,end_to_end_breakdown,10000,{},ok,5,0,0.0464,0.0464,0.0008,0.0452,0.0474,0.0473,,0.0,0.0,0.0,Metadata dict assembly + throughput-counter bookkeeping. All three prior steps precomputed UNTIMED before this step is timed.
process_block_total_cold,end_to_end_cold,100000,{},ok,5,0,50.2056,50.2527,0.562,49.2179,50.8022,50.7784,,46.875,0.0,93.2,"Fresh TrustEnhancedQRNG instance, fresh QuantumSourceSimulator, AND fresh block per repetition: measures fully independent single-block computational cost."
process_block_total_steady,end_to_end_steady,100000,{},ok,5,0,50.1227,49.9402,0.4892,49.6313,50.8677,50.797,,50.0,6.25,99.5,ONE TrustEnhancedQRNG instance reused across all calls: measures operational steady-state cost (PhysicalDriftMonitor CUSUM state genuinely persists across calls by design).
_certify_block,end_to_end_breakdown,100000,{},ok,5,0,2.1253,2.1271,0.0058,2.1184,2.1325,2.132,,0.0,0.0,0.0,"Certification-plane step: BB84 split + Hoeffding/min-entropy certification + EAT history append, all inside one method in D_v16.py. "
_run_diagnostics,end_to_end_breakdown,100000,{},ok,5,0,26.4404,26.3784,0.2538,26.2293,26.9209,26.8246,,31.25,0.0,117.9,The ONLY purely trust-monitoring step in the live block pipeline (calls run_self_tests() then applies halt/warn thresholds). _certify_block()'s output is precomputed UNTIMED before this step is timed.
_extract_block,end_to_end_breakdown,100000,{},ok,5,0,20.1076,20.1189,0.1453,19.8476,20.268,20.2576,,15.625,0.0,77.3,PURE extraction step: LHL output-length calc + FFT Toeplitz extraction. _certify_block()'s output is precomputed UNTIMED before this step is timed.
_assemble_metadata,end_to_end_breakdown,100000,{},ok,5,0,0.0462,0.0464,0.0005,0.0454,0.0468,0.0467,,0.0,0.0,0.0,Metadata dict assembly + throughput-counter bookkeeping. All three prior steps precomputed UNTIMED before this step is timed.
process_block_total_cold,end_to_end_cold,1000000,{},ok,3,0,894.2684,894.538,0.4645,893.6148,894.6523,,,890.625,0.0,99.6,"Fresh TrustEnhancedQRNG instance, fresh QuantumSourceSimulator, AND fresh block per repetition: measures fully independent single-block computational cost."
process_block_total_steady,end_to_end_steady,1000000,{},ok,3,0,895.4744,896.2221,1.5393,893.3299,896.8711,,,885.4167,14.7314,98.8,ONE TrustEnhancedQRNG instance reused across all calls: measures operational steady-state cost (PhysicalDriftMonitor CUSUM state genuinely persists across calls by design).
_certify_block,end_to_end_breakdown,1000000,{},ok,3,0,24.002,24.001,0.0635,23.9248,24.0803,,,20.8333,7.3657,86.5,"Certification-plane step: BB84 split + Hoeffding/min-entropy certification + EAT history append, all inside one method in D_v16.py. "
_run_diagnostics,end_to_end_breakdown,1000000,{},ok,3,0,382.0432,381.6814,0.9262,381.1338,383.3143,,,369.7917,7.3657,96.8,The ONLY purely trust-monitoring step in the live block pipeline (calls run_self_tests() then applies halt/warn thresholds). _certify_block()'s output is precomputed UNTIMED before this step is timed.
_extract_block,end_to_end_breakdown,1000000,{},ok,3,0,487.4936,487.2221,0.7448,486.7479,488.5107,,,484.375,12.7578,99.3,PURE extraction step: LHL output-length calc + FFT Toeplitz extraction. _certify_block()'s output is precomputed UNTIMED before this step is timed.
_assemble_metadata,end_to_end_breakdown,1000000,{},ok,3,0,0.0478,0.0466,0.0034,0.0444,0.0525,,,0.0,0.0,0.0,Metadata dict assembly + throughput-counter bookkeeping. All three prior steps precomputed UNTIMED before this step is timed.
process_block_total_cold,end_to_end_cold,3240000,{},ok,2,0,4990.1772,4990.1772,1.9844,4988.1928,4992.1616,,,4984.375,0.0,99.8,"Fresh TrustEnhancedQRNG instance, fresh QuantumSourceSimulator, AND fresh block per repetition: measures fully independent single-block computational cost."
process_block_total_steady,end_to_end_steady,3240000,{},ok,2,0,4986.2085,4986.2085,3.0493,4983.1592,4989.2578,,,4992.1875,7.8125,100.1,ONE TrustEnhancedQRNG instance reused across all calls: measures operational steady-state cost (PhysicalDriftMonitor CUSUM state genuinely persists across calls by design).
_certify_block,end_to_end_breakdown,3240000,{},ok,2,0,77.8226,77.8226,0.2511,77.5715,78.0736,,,78.125,0.0,100.3,"Certification-plane step: BB84 split + Hoeffding/min-entropy certification + EAT history append, all inside one method in D_v16.py. "
_run_diagnostics,end_to_end_breakdown,3240000,{},ok,2,0,1347.5052,1347.5052,1.244,1346.2612,1348.7493,,,1328.125,0.0,98.5,The ONLY purely trust-monitoring step in the live block pipeline (calls run_self_tests() then applies halt/warn thresholds). _certify_block()'s output is precomputed UNTIMED before this step is timed.
_extract_block,end_to_end_breakdown,3240000,{},ok,2,0,3532.2931,3532.2931,4.4951,3527.798,3536.7881,,,3531.25,0.0,99.9,PURE extraction step: LHL output-length calc + FFT Toeplitz extraction. _certify_block()'s output is precomputed UNTIMED before this step is timed.
_assemble_metadata,end_to_end_breakdown,3240000,{},ok,2,0,0.0472,0.0472,0.0,0.0471,0.0472,,,0.0,0.0,0.0,Metadata dict assembly + throughput-counter bookkeeping. All three prior steps precomputed UNTIMED before this step is timed.
process_block_total_cold,end_to_end_cold,3500000,{},ok,2,0,5537.5968,5537.5968,5.8547,5531.7421,5543.4515,,,5507.8125,23.4375,99.4,"Fresh TrustEnhancedQRNG instance, fresh QuantumSourceSimulator, AND fresh block per repetition: measures fully independent single-block computational cost."
process_block_total_steady,end_to_end_steady,3500000,{},ok,2,0,5529.3559,5529.3559,6.3314,5523.0244,5535.6873,,,5492.1875,7.8125,99.3,ONE TrustEnhancedQRNG instance reused across all calls: measures operational steady-state cost (PhysicalDriftMonitor CUSUM state genuinely persists across calls by design).
_certify_block,end_to_end_breakdown,3500000,{},ok,2,0,84.0088,84.0088,0.2404,83.7684,84.2492,,,93.75,0.0,111.5,"Certification-plane step: BB84 split + Hoeffding/min-entropy certification + EAT history append, all inside one method in D_v16.py. "
_run_diagnostics,end_to_end_breakdown,3500000,{},ok,2,0,1418.1346,1418.1346,0.9898,1417.1449,1419.1244,,,1414.0625,7.8125,99.7,The ONLY purely trust-monitoring step in the live block pipeline (calls run_self_tests() then applies halt/warn thresholds). _certify_block()'s output is precomputed UNTIMED before this step is timed.
_extract_block,end_to_end_breakdown,3500000,{},ok,2,0,4020.2818,4020.2818,6.7343,4013.5475,4027.0162,,,4007.8125,23.4375,99.7,PURE extraction step: LHL output-length calc + FFT Toeplitz extraction. _certify_block()'s output is precomputed UNTIMED before this step is timed.
_assemble_metadata,end_to_end_breakdown,3500000,{},ok,2,0,0.0461,0.0461,0.0006,0.0455,0.0468,,,0.0,0.0,0.0,Metadata dict assembly + throughput-counter bookkeeping. All three prior steps precomputed UNTIMED before this step is timed.
process_block_total_cold,end_to_end_cold,10000000,{},skipped,0,0,,,,,,,,,,,
process_block_total_steady,end_to_end_steady,10000000,{},skipped,0,0,,,,,,,,,,,
_certify_block,end_to_end_cold,10000000,{},skipped,0,0,,,,,,,,,,,
_run_diagnostics,end_to_end_cold,10000000,{},skipped,0,0,,,,,,,,,,,
_extract_block,end_to_end_cold,10000000,{},skipped,0,0,,,,,,,,,,,
_assemble_metadata,end_to_end_cold,10000000,{},skipped,0,0,,,,,,,,,,,
generate_certified_random_bits,full_generation,100000,"{""n_bits_requested"": 100000, ""output_length_mean_actual"": 100000, ""output_length_samples_used"": 3}",ok,3,0,239.3669,239.3219,0.824,238.381,240.3979,,,229.1667,7.3657,95.7,Fresh QuantumSourceSimulator + fresh TrustEnhancedQRNG per repetition (cold/independent trials). REPEATED (not single-shot) per the measurement-methodology requirement.
generate_certified_random_bits,full_generation,1000000,"{""n_bits_requested"": 1000000, ""output_length_mean_actual"": 1000000, ""output_length_samples_used"": 2}",ok,2,0,5025.0397,5025.0397,50.9871,4974.0525,5076.0268,,,4992.1875,54.6875,99.3,Fresh QuantumSourceSimulator + fresh TrustEnhancedQRNG per repetition (cold/independent trials). REPEATED (not single-shot) per the measurement-methodology requirement.
